"Pays","Articles","Elements","1961",flag,"1962",flag,"1963",flag,"1964",flag,"1965",flag,"1966",flag,"1967",flag,"1968",flag,"1969",flag,"1970",flag,"1971",flag,"1972",flag,"1973",flag,"1974",flag,"1975",flag,"1976",flag,"1977",flag,"1978",flag,"1979",flag,"1980",flag,"1981",flag,"1982",flag,"1983",flag,"1984",flag,"1985",flag,"1986",flag,"1987",flag,"1988",flag,"1989",flag,"1990",flag,"1991",flag,"1992",flag,"1993",flag,"1994",flag,"1995",flag,"1996",flag,"1997",flag,"1998",flag,"1999",flag,"2000",flag,"2001",flag,"2002",flag,"2003",flag,"2004",flag,"2005",flag,"2006",flag,"2007",flag,"2008",flag,"2009",flag,"2010",flag,"2011",flag,"2012",flag,
"Sénégal","Viande indigène ovin","Production (Tête)","305000","F","280000","F","255000","F","264700","F","285000","F","304630","F","263860","F","269346","F","280000","F","300000","F","340000","F","366000","F","361200","F","330000","F","338000","F","348000","F","355000","F","376000","F","376000","F","386000","*","413000","F","442000","F","401400","F","400166","F","530000","F","630000","F","660000","F","630000","F","645004","F","640000","F","730000","F","660000","F","698000","F","722000","F","739000","F","776000","F","825000","F","848000","F","929221"," ","930920"," ","896280"," ","900499"," ","979512"," ","908498"," ","1028560"," ","1009030"," ","998994"," ","1192030"," ","1269110"," ","1244880"," ","1388560"," ","1650020","F",
"Sénégal","Viande indigène ovin","Rendement/Poids Carcasse (Hg/An)","130","Fc","130","Fc","130","Fc","130","Fc","130","Fc","130","Fc","130","Fc","130","Fc","130","Fc","130","Fc","120","Fc","120","Fc","120","Fc","130","Fc","130","Fc","130","Fc","135","Fc","140","Fc","135","Fc","135","Fc","140","Fc","140","Fc","140","Fc","135","Fc","140","Fc","140","Fc","140","Fc","140","Fc","140","Fc","140","Fc","140","Fc","140","Fc","140","Fc","140","Fc","140","Fc","140","Fc","140","Fc","140","Fc","117","Fc","112","Fc","129","Fc","126","Fc","123","Fc","126","Fc","130","Fc","138","Fc","138","Fc","129","Fc","126","Fc","127","Fc","126","Fc","127","Fc",
"Sénégal","Viande indigène ovin","Production (tonnes)","3965","Fc","3640","Fc","3315","Fc","3441.1","Fc","3705","Fc","3960.19","Fc","3430.18","Fc","3501.5","Fc","3640","Fc","3900","Fc","4080","Fc","4392","Fc","4334.4","Fc","4290","Fc","4394","Fc","4524","Fc","4792.5","Fc","5264","Fc","5076","Fc","5211","Fc","5782","Fc","6188","Fc","5619.6","Fc","5402.24","Fc","7420","Fc","8820","Fc","9240","Fc","8820","Fc","9030.06","Fc","8960","Fc","10220","Fc","9240","Fc","9772","Fc","10108","Fc","10346","Fc","10864","Fc","11550","Fc","11872","Fc","10871.9","Fc","10426.3","Fc","11562","Fc","11346.3","Fc","12048","Fc","11447.1","Fc","13371.3","Fc","13924.6","Fc","13786.1","Fc","15377.2","Fc","15990.8","Fc","15810","Fc","17495.8","Fc","20955.2","Fc",
"Sénégal","Viande caprin","Animaux Producteurs/Abbatus (Tête)","366000","F","389000","F","410000","F","436300","F","462000","F","479370","F","492100","F","510000","F","490000","F","450000","F","390000","F","386000","F","341000","F","312200","F","324800","F","335000","F","345000","F","365000"," ","370000"," ","337000","*","387000","*","460000","F","430000","F","400000","F","500000","F","730000","F","750000","F","720000","F","765000","F","895000","F","999000","F","994500","F","1000500","F","1020500","F","1008250","F","1010000","F","1008000","F","1000000","F","996539"," ","1008540"," ","1038700"," ","1013990"," ","1031870"," ","1026360"," ","1118910"," ","1151140"," ","1193780"," ","1218850"," ","1320700"," ","1379550"," ","1664200"," ","1902000","F",
"Sénégal","Viande caprin","Rendement/Poids Carcasse (Hg/An)","90","Fc","90","Fc","90","Fc","90","Fc","90","Fc","90","Fc","90","Fc","90","Fc","90","Fc","90","Fc","80","Fc","80","Fc","80","Fc","80","Fc","90","Fc","90","Fc","90","Fc","95","Fc","100","Fc","100","Fc","100","Fc","100","Fc","100","Fc","100","Fc","100","Fc","100","Fc","100","Fc","100","Fc","100","Fc","100","Fc","100","Fc","100","Fc","100","Fc","100","Fc","100","Fc","100","Fc","100","Fc","100","Fc","93.7344","Fc","103.337","Fc","91.2776","Fc","88.0874","Fc","91.9397","Fc","95.9999","Fc","99.8028","Fc","98.1459","Fc","97.6815","Fc","100.299","Fc","94.2983","Fc","93.5596","Fc","90.6083","Fc","90.9989","Fc",
"Sénégal","Viande caprin","Production (tonnes)","3294","Fc","3501","Fc","3690","Fc","3926.7","Fc","4158","Fc","4314.33","Fc","4428.9","Fc","4590","Fc","4410","Fc","4050","Fc","3120","Fc","3088","Fc","2728","Fc","2497.6","Fc","2923.2","Fc","3015","Fc","3105","Fc","3467.5","Fc","3700","Fc","3370","Fc","3870","Fc","4600","Fc","4300","Fc","4000","Fc","5000","Fc","7300","Fc","7500","Fc","7200","Fc","7650","Fc","8950","Fc","9990","Fc","9945","Fc","10005","Fc","10205","Fc","10082.5","Fc","10100","Fc","10080","Fc","10000","Fc","9341"," ","10422"," ","9481"," ","8932"," ","9487"," ","9853"," ","11167"," ","11298"," ","11661"," ","12225"," ","12454"," ","12907"," ","15079"," ","17308"," ",
"Sénégal","Lait entier frais de chèvre","Animaux laitiers (Tête)","135000","F","141000","F","145500","F","150000","F","154500","F","159450","F","153670","F","165280","F","165000","F","165000","F","150000","F","150000","F","135000","F","120600","F","126645","F","130950","F","133050","F","140550","F","141000","F","145950","F","155100","F","168000","F","150000","F","150000","F","197700","F","315750","F","332550","F","312000","F","330000","F","329756"," ","344324"," ","358885"," ","375404"," ","474505"," ","486312"," ","500490"," ","520399"," ","463987"," ","557465"," ","563655"," ","580522"," ","418250"," ","488875"," ","494200"," ","509874"," ","524539"," ","459660"," ","537449"," ","658983"," ","673763"," ","699792"," ","743690","F",
"Sénégal","Lait entier frais de chèvre","Rendement (Hg/An)","200","Fc","200","Fc","200","Fc","200","Fc","200","Fc","200","Fc","199.974","Fc","199.964","Fc","200","Fc","200","Fc","200","Fc","200","Fc","200","Fc","200","Fc","200.008","Fc","200","Fc","200","Fc","200","Fc","200","Fc","200","Fc","200","Fc","200","Fc","200","Fc","200","Fc","200","Fc","200","Fc","200","Fc","200","Fc","200","Fc","206.001","Fc","205.998","Fc","205.999","Fc","205.991","Fc","206.004","Fc","205.999","Fc","205.998","Fc","205.996","Fc","205.997","Fc","206.004","Fc","205.995","Fc","206.004","Fc","206.001","Fc","206.004","Fc","206.01","Fc","205.992","Fc","206.009","Fc","206","Fc","205.992","Fc","205.999","Fc","206.007","Fc","206.004","Fc","206","Fc",
"Sénégal","Lait entier frais de chèvre","Production (tonnes)","2700","F","2820","F","2910","F","3000","F","3090","F","3189","F","3073","F","3305","F","3300","F","3300","F","3000","F","3000","F","2700","F","2412","F","2533","F","2619","F","2661","F","2811","F","2820","F","2919","F","3102","F","3360","F","3000","F","3000","F","3954","F","6315","F","6651","F","6240","F","6600","F","6793"," ","7093"," ","7393"," ","7733"," ","9775"," ","10018"," ","10310"," ","10720"," ","9558"," ","11484"," ","11611"," ","11959"," ","8616"," ","10071"," ","10181"," ","10503"," ","10806"," ","9469"," ","11071"," ","13575"," ","13880"," ","14416"," ","15320","*",
"Sénégal","Peaux de caprins fraiches","Animaux Producteurs/Abbatus (Tête)","366000","F","389000","F","410000","F","436300","F","462000","F","479370","F","492100","F","510000","F","490000","F","450000","F","390000","F","386000","F","341000","F","312200","F","324800","F","335000","F","345000","F","365000"," ","370000"," ","337000","*","387000","*","460000","F","430000","F","400000","F","500000","F","730000","F","750000","F","720000","F","765000","F","895000","F","999000","F","994500","F","1000500","F","1020500","F","1008250","F","1010000","F","1008000","F","1000000","F","996539"," ","1008540"," ","1038700"," ","1013990"," ","1031870"," ","1026360"," ","1118910"," ","1151140"," ","1193780"," ","1218850"," ","1320700"," ","1379550"," ","1664200"," ","1902000","F",
"Sénégal","Peaux de caprins fraiches","Rendement (Hg/An)","25","Fc","25","Fc","25","Fc","25","Fc","25","Fc","25","Fc","25","Fc","25","Fc","25","Fc","25","Fc","25","Fc","25","Fc","25","Fc","25","Fc","25","Fc","25","Fc","25","Fc","25","Fc","25","Fc","25","Fc","25","Fc","25","Fc","25","Fc","25","Fc","25","Fc","25","Fc","25","Fc","25","Fc","25","Fc","25","Fc","25","Fc","25","Fc","25","Fc","25","Fc","25","Fc","25","Fc","25","Fc","25","Fc","25","Fc","25","Fc","25","Fc","25","Fc","25","Fc","25","Fc","25","Fc","25","Fc","25","Fc","25","Fc","25","Fc","25","Fc","25","Fc","25","Fc",
"Sénégal","Peaux de caprins fraiches","Production (tonnes)","915","Fc","972.5","Fc","1025","Fc","1090.75","Fc","1155","Fc","1198.43","Fc","1230.25","Fc","1275","Fc","1225","Fc","1125","Fc","975","Fc","965","Fc","852.5","Fc","780.5","Fc","812","Fc","837.5","Fc","862.5","Fc","912.5","Fc","925","Fc","842.5","Fc","967.5","Fc","1150","Fc","1075","Fc","1000","Fc","1250","Fc","1825","Fc","1875","Fc","1800","Fc","1912.5","Fc","2237.5","Fc","2497.5","Fc","2486.25","Fc","2501.25","Fc","2551.25","Fc","2520.63","Fc","2525","Fc","2520","Fc","2500","Fc","2491.35","Fc","2521.35","Fc","2596.75","Fc","2534.98","Fc","2579.68","Fc","2565.89","Fc","2797.27","Fc","2877.86","Fc","2984.45","Fc","3047.13","Fc","3301.76","Fc","3448.87","Fc","4160.49","Fc","4755","Fc",
"Sénégal","Viande indigène caprin","Production (Tête)","150000","F","193000","F","234000","F","240300","F","236000","F","233370","F","256100","F","284000","F","294000","F","304000","F","290500","F","300000","F","270000","F","240200","F","250800","F","259000","F","264000","F","279000"," ","279000"," ","292000","*","310000","*","332000","F","310000","F","300000","F","380000","F","620000","F","670000","F","620000","F","645000","F","745000","F","839000","F","824500","F","830500","F","835500","F","523250","F","416000","F","505000","F","411000","F","568539"," ","823540"," ","590700"," ","803993"," ","797872"," ","841365"," ","868907"," ","951143"," ","983778"," ","1008850"," ","1016700"," ","1139550"," ","1464200"," ","1702000","F",
"Sénégal","Viande indigène caprin","Rendement/Poids Carcasse (Hg/An)","90","Fc","90","Fc","90","Fc","90","Fc","90","Fc","90","Fc","90","Fc","90","Fc","90","Fc","90","Fc","80","Fc","80","Fc","80","Fc","80","Fc","90","Fc","90","Fc","90","Fc","95","Fc","100","Fc","100","Fc","100","Fc","100","Fc","100","Fc","100","Fc","100","Fc","100","Fc","100","Fc","100","Fc","100","Fc","100","Fc","100","Fc","100","Fc","100","Fc","100","Fc","100","Fc","100","Fc","100","Fc","100","Fc","94","Fc","103","Fc","91","Fc","88","Fc","92","Fc","96","Fc","100","Fc","98","Fc","98","Fc","100","Fc","94","Fc","94","Fc","91","Fc","91","Fc",
"Sénégal","Viande indigène caprin","Production (tonnes)","1350","Fc","1737","Fc","2106","Fc","2162.7","Fc","2124","Fc","2100.33","Fc","2304.9","Fc","2556","Fc","2646","Fc","2736","Fc","2324","Fc","2400","Fc","2160","Fc","1921.6","Fc","2257.2","Fc","2331","Fc","2376","Fc","2650.5","Fc","2790","Fc","2920","Fc","3100","Fc","3320","Fc","3100","Fc","3000","Fc","3800","Fc","6200","Fc","6700","Fc","6200","Fc","6450","Fc","7450","Fc","8390","Fc","8245","Fc","8305","Fc","8355","Fc","5232.5","Fc","4160","Fc","5050","Fc","4110","Fc","5344.27","Fc","8482.46","Fc","5375.37","Fc","7075.14","Fc","7340.42","Fc","8077.1","Fc","8689.07","Fc","9321.2","Fc","9641.02","Fc","10088.5","Fc","9557.01","Fc","10711.8","Fc","13324.2","Fc","15488.2","Fc",
"Sénégal","Viande suidés","Animaux Producteurs/Abbatus (Tête)","23250","F","27750","F","33000","F","33000","F","39750","F","63750","F","65250","F","67500","F","119000","F","126000","F","131000","F","137000","F","142000","F","147000","F","120000","F","124000","F","127000","F","130000","F","131000","F","135000","F","138000","F","140000","F","142000","F","143000","F","123000","F","136000","F","150000","F","76500","F","86500","F","87500","F","105400","F","124000","F","123000","F","129000","F","130500","F","137000","F","153000","F","171000","F","179692"," ","201750"," ","210000"," ","218587"," ","227526"," ","209718"," ","225241"," ","232000"," ","235182"," ","236326"," ","241817"," ","258143"," ","269400"," ","294000","F",
"Sénégal","Viande suidés","Rendement/Poids Carcasse (Hg/An)","300","Fc","300","Fc","300","Fc","300","Fc","300","Fc","300","Fc","300","Fc","300","Fc","300","Fc","300","Fc","300","Fc","300","Fc","300","Fc","300","Fc","300","Fc","300","Fc","300","Fc","300","Fc","300","Fc","300","Fc","300","Fc","300","Fc","300","Fc","300","Fc","300","Fc","300","Fc","300","Fc","300","Fc","300","Fc","300","Fc","300","Fc","300","Fc","300","Fc","300","Fc","300","Fc","300","Fc","300","Fc","300","Fc","373.25","Fc","458.934","Fc","442.81","Fc","512.336","Fc","436.214","Fc","442.022","Fc","433.935","Fc","444.655","Fc","429.837","Fc","406.557","Fc","409.318","Fc","412.175","Fc","412.287","Fc","412.007","Fc",
"Sénégal","Viande suidés","Production (tonnes)","697.5","Fc","832.5","Fc","990","Fc","990","Fc","1192.5","Fc","1912.5","Fc","1957.5","Fc","2025","Fc","3570","Fc","3780","Fc","3930","Fc","4110","Fc","4260","Fc","4410","Fc","3600","Fc","3720","Fc","3810","Fc","3900","Fc","3930","Fc","4050","Fc","4140","Fc","4200","Fc","4260","Fc","4290","Fc","3690","Fc","4080","Fc","4500","Fc","2295","Fc","2595","Fc","2625","Fc","3162","Fc","3720","Fc","3690","Fc","3870","Fc","3915","Fc","4110","Fc","4590","Fc","5130","Fc","6707"," ","9259"," ","9299"," ","11199"," ","9925"," ","9270"," ","9774"," ","10316"," ","10109"," ","9608"," ","9898"," ","10640"," ","11107"," ","12113"," ",
"Sénégal","Viande indigène suidés","Production (Tête)","23250","F","27750","F","33000","F","33000","F","39750","F","63750","F","65250","F","67498","F","118997","F","125994","F","130966","F","136985","F","142001","F","147037","F","120209","F","124360","F","127240","F","130140","F","131111","F","135082","F","138070","F","140260","F","142143","F","143000","F","123000","F","136100","F","150045","F","76508","F","86501","F","87514","F","105300","F","124000","F","123000","F","129000","F","130500","F","137000","F","153000","F","171000","F","179692"," ","201750"," ","210000"," ","218587"," ","227526"," ","210158"," ","225241"," ","232000"," ","235183"," ","236327"," ","241818"," ","258143"," ","269400"," ","294000","F",
"Sénégal","Viande indigène suidés","Rendement/Poids Carcasse (Hg/An)","300","Fc","300","Fc","300","Fc","300","Fc","300","Fc","300","Fc","300","Fc","300","Fc","300","Fc","300","Fc","300","Fc","300","Fc","300","Fc","300","Fc","300","Fc","300","Fc","300","Fc","300","Fc","300","Fc","300","Fc","300","Fc","300","Fc","300","Fc","300","Fc","300","Fc","300","Fc","300","Fc","300","Fc","300","Fc","300","Fc","300","Fc","300","Fc","300","Fc","300","Fc","300","Fc","300","Fc","300","Fc","300","Fc","373","Fc","459","Fc","443","Fc","512","Fc","436","Fc","442","Fc","434","Fc","445","Fc","430","Fc","407","Fc","409","Fc","412","Fc","412","Fc","412","Fc",
"Sénégal","Viande indigène suidés","Production (tonnes)","697.5","Fc","832.5","Fc","990","Fc","990","Fc","1192.5","Fc","1912.5","Fc","1957.5","Fc","2024.94","Fc","3569.91","Fc","3779.82","Fc","3928.98","Fc","4109.55","Fc","4260.03","Fc","4411.11","Fc","3606.27","Fc","3730.8","Fc","3817.2","Fc","3904.2","Fc","3933.33","Fc","4052.46","Fc","4142.1","Fc","4207.8","Fc","4264.29","Fc","4290","Fc","3690","Fc","4083","Fc","4501.35","Fc","2295.24","Fc","2595.03","Fc","2625.42","Fc","3159","Fc","3720","Fc","3690","Fc","3870","Fc","3915","Fc","4110","Fc","4590","Fc","5130","Fc","6702.51","Fc","9260.33","Fc","9303","Fc","11191.7","Fc","9920.13","Fc","9288.98","Fc","9775.46","Fc","10324","Fc","10112.9","Fc","9618.51","Fc","9890.36","Fc","10635.5","Fc","11099.3","Fc","12112.8","Fc",
"Sénégal","Viande volaille","Animaux Producteurs/Abbatus (1000 têtes)","1360","F","2785","F","2700","F","2990","F","2885","F","3840","F","4040","F","4260","F","4585","F","4750","F","5060","F","5465","F","5800","F","6155","F","6450","F","7030","F","8780","F","8020","F","8475","F","9070","F","9530","F","10320","F","9450","F","10145","F","10810","F","13485","F","12275","F","13325","F","12250","F","12700","F","17275","F","16030","F","15015","F","15560","F","17460","F","16250","F","19000","F","20000","F","20937"," ","22352"," ","23398"," ","23102"," ","24355"," ","24778"," ","26801"," ","28728"," ","32438"," ","34776"," ","33989"," ","38169"," ","41700"," ","42380","F",
"Sénégal","Viande volaille","Rendement/Poids Carcasse (0.1Gr/An)","10000","Fc","10000","Fc","10000","Fc","10000","Fc","10000","Fc","10000","Fc","10000","Fc","10000","Fc","10000","Fc","10000","Fc","10000","Fc","10000","Fc","10000","Fc","10000","Fc","10000","Fc","10000","Fc","10000","Fc","10000","Fc","10000","Fc","10000","Fc","10000","Fc","10000","Fc","10000","Fc","10000","Fc","10000","Fc","10000","Fc","10000","Fc","10000","Fc","10000","Fc","10000","Fc","10000","Fc","10000","Fc","10000","Fc","10000","Fc","10000","Fc","10000","Fc","10000","Fc","10000","Fc","10320.5","Fc","10396.8","Fc","10444.1","Fc","10324.6","Fc","10297.7","Fc","10485.1","Fc","10836.2","Fc","11016.1","Fc","11416.2","Fc","11809.3","Fc","11591.7","Fc","11907.8","Fc","13376","Fc","13375.2","Fc",
"Sénégal","Viande volaille","Production (tonnes)","1360","Fc","2785","Fc","2700","Fc","2990","Fc","2885","Fc","3840","Fc","4040","Fc","4260","Fc","4585","Fc","4750","Fc","5060","Fc","5465","Fc","5800","Fc","6155","Fc","6450","Fc","7030","Fc","8780","Fc","8020","Fc","8475","Fc","9070","Fc","9530","Fc","10320","Fc","9450","Fc","10145","Fc","10810","Fc","13485","Fc","12275","Fc","13325","Fc","12250","Fc","12700","Fc","17275","Fc","16030","Fc","15015","Fc","15560","Fc","17460","Fc","16250","Fc","19000","Fc","20000","Fc","21608"," ","23239"," ","24437"," ","23852"," ","25080"," ","25980"," ","29042"," ","31647"," ","37032"," ","41068"," ","39399"," ","45451"," ","55778"," ","56684"," ",
"Sénégal","Œufs de poule en coquille","Pondeuses (1000 têtes)","1340","F","1752","F","1760","F","1732","F","1900","F","2292","F","2320"," ","2280"," ","2240"," ","2200"," ","2120"," ","2240"," ","2200"," ","2320"," ","2480"," ","2628"," ","2720"," ","2860"," ","3000"," ","3160"," ","3370"," ","3520"," ","3880"," ","4000"," ","4000","F","3500","F","3500","F","4000","F","4000","F","3600","F","3500","F","3200","F","3100","F","3100","F","3000","F","2800","F","2800","F","2700","F","2700","F","3500","F","4100","F","4200","F","4600","F","4860","F","5440","F","6130","F","5800","F","8500","F","7000","F","7500","F","7800","F","7200","F",
"Sénégal","Œufs de poule en coquille","Rendement (100Mg/An)","17500","Fc","17500","Fc","17500","Fc","18187.1","Fc","17500","Fc","17504.4","Fc","17000","Fc","18000","Fc","18000","Fc","18000","Fc","18000","Fc","18000","Fc","19000","Fc","19000","Fc","20000","Fc","20000","Fc","20000","Fc","20000","Fc","20000","Fc","20000","Fc","20000","Fc","20000","Fc","20000","Fc","20000","Fc","21000","Fc","24714.3","Fc","26571.4","Fc","26625","Fc","28250","Fc","30555.6","Fc","31571.4","Fc","32968.8","Fc","33871","Fc","36451.6","Fc","38333.3","Fc","39285.7","Fc","41221.4","Fc","41459.3","Fc","41029.6","Fc","29828.6","Fc","35931.7","Fc","40461.9","Fc","38582.6","Fc","40576.1","Fc","37209.6","Fc","35102.8","Fc","41800","Fc","43056.5","Fc","38031.4","Fc","36501.3","Fc","37105.1","Fc","38033.3","Fc",
"Sénégal","Œufs de poule en coquille","Production (tonnes)","2345","F","3066","F","3080","F","3150","F","3325","F","4012","*","3944"," ","4104"," ","4032"," ","3960"," ","3816"," ","4032"," ","4180"," ","4408"," ","4960"," ","5256"," ","5440"," ","5720"," ","6000"," ","6320"," ","6740"," ","7040"," ","7760"," ","8000"," ","8400"," ","8650","F","9300","F","10650","F","11300","F","11000","F","11050","F","10550","F","10500","F","11300","F","11500","F","11000","F","11542"," ","11194"," ","11078"," ","10440"," ","14732"," ","16994"," ","17748"," ","19720"," ","20242"," ","21518"," ","24244"," ","36598"," ","26622"," ","27376"," ","28942"," ","27384"," ",
"Sénégal","Œufs de poule en coquille (nombre)","Production (1000 No)","87000","F","87600","F","88000","F","90000","F","95000","*","114600","*","112700","F","117000","F","115000","F","110000","F","103000","F","106000","F","107000","F","110000","F","121000","F","123500","F","126500","F","130000","F","136000","F","144000","F","153000","F","160000","F","176000","F","182000","F","187000","F","173000","F","186000","F","213000","F","226000","F","220000","F","221000","F","211000","F","210000","F","226000","F","230000","F","220000","F","270000","F","270000","F","274000","F","352000","F","410000","F","420000","F","460000","F","486000","F","544000","F","560000","F","555000","F","552933"," ","533867"," ","591483"," ","560000","F","547000"," ",
"Sénégal","Viande indigène poulet","Production (1000 têtes)","1330","F","2754","F","2658","F","2945","F","2850","F","3795","F","3997.89","F","4180","F","4465","F","4600","F","4890","F","5205","F","5540","F","5890","F","6150","F","6460","F","7990","F","7120","F","7504","F","8003","F","8368","F","9120","F","8250","F","8895","F","9310","F","11685","F","9975","F","11308","F","12157","F","12349","F","13910","F","14740","F","14539","F","14981","F","16360","F","15088","F","17616","F","19368","F","20435"," ","22123"," ","23106"," ","22990"," ","24295"," ","24559"," ","26754"," ","28624"," ","32071"," ","34727"," ","33940"," ","38142"," ","41664"," ","42344","F",
"Sénégal","Viande indigène poulet","Rendement/Poids Carcasse (0.1Gr/An)","10000","Fc","10000","Fc","10000","Fc","10000","Fc","10000","Fc","10000","Fc","10000.3","Fc","10000","Fc","10000","Fc","10000","Fc","10000","Fc","10000","Fc","10000","Fc","10000","Fc","10000","Fc","10000","Fc","10000","Fc","10000","Fc","10000","Fc","10000","Fc","10000","Fc","10000","Fc","10000","Fc","10000","Fc","10000","Fc","10000","Fc","10000","Fc","10000","Fc","10000","Fc","10000","Fc","10000","Fc","10000","Fc","10000","Fc","10000","Fc","10000","Fc","10000","Fc","10000","Fc","10000","Fc","10320","Fc","10397","Fc","10444","Fc","10325","Fc","10298","Fc","10485","Fc","10836","Fc","11016","Fc","11416","Fc","11809","Fc","11592","Fc","11908","Fc","13376","Fc","13375","Fc",
"Sénégal","Viande indigène poulet","Production (tonnes)","1330","F","2754","F","2658","F","2945","F","2850","F","3795","F","3998","F","4180","F","4465","F","4600","F","4890","F","5205","F","5540","F","5890","F","6150","F","6460","F","7990","F","7120","F","7504","F","8003","F","8368","F","9120","F","8250","F","8895","F","9310","F","11685","F","9975","F","11308","F","12157","F","12349","F","13910","F","14740","F","14539","F","14981","F","16360","F","15088","F","17616","F","19368","F","21088.9","Fc","23001.3","Fc","24131.9","Fc","23737.2","Fc","25019","Fc","25750.1","Fc","28990.6","Fc","31532.2","Fc","36612.3","Fc","41009.1","Fc","39343.2","Fc","45419.5","Fc","55729.8","Fc","56635.1","Fc",
"Sénégal","Viande cheval","Animaux Producteurs/Abbatus (Tête)","10000","F","10800","F","12000","F","17000","F","17800","F","19500","F","19000","F","21700","F","20700","F","21800","F","21700","F","23300","F","22300","F","22000","F","22500","F","22700","F","23000","F","24000","F","22500","F","20000","F","20200","F","20400","F","20800","F","22000","F","32500","F","31400","F","34000","F","38000","F","42800","F","48400","F","50000","F","47500","F","47600","F","47700","F","47700","F","48000","F","48850","F","49000","F","49000","F","51800","F","54000","F","54570","F","55025","F","55500","F","56000","F","56500","F","57300","F","57590","F","57670","F","58500","F","58000","F","58000","F",
"Sénégal","Viande cheval","Rendement/Poids Carcasse (Hg/An)","1250","Fc","1250","Fc","1250","Fc","1250","Fc","1250","Fc","1250","Fc","1250","Fc","1250","Fc","1250","Fc","1250","Fc","1250","Fc","1250","Fc","1250","Fc","1250","Fc","1250","Fc","1250","Fc","1250","Fc","1250","Fc","1250","Fc","1250","Fc","1250","Fc","1250","Fc","1250","Fc","1250","Fc","1250","Fc","1250","Fc","1250","Fc","1250","Fc","1250","Fc","1250","Fc","1250","Fc","1250","Fc","1250","Fc","1250","Fc","1250","Fc","1250","Fc","1250","Fc","1250","Fc","1250","Fc","1250","Fc","1250","Fc","1250","Fc","1250","Fc","1250","Fc","1250","Fc","1250","Fc","1250","Fc","1250","Fc","1250","Fc","1250","Fc","1250","Fc","1250","Fc",
"Sénégal","Viande cheval","Production (tonnes)","1250","Fc","1350","Fc","1500","Fc","2125","Fc","2225","Fc","2437.5","Fc","2375","Fc","2712.5","Fc","2587.5","Fc","2725","Fc","2712.5","Fc","2912.5","Fc","2787.5","Fc","2750","Fc","2812.5","Fc","2837.5","Fc","2875","Fc","3000","Fc","2812.5","Fc","2500","Fc","2525","Fc","2550","Fc","2600","Fc","2750","Fc","4062.5","Fc","3925","Fc","4250","Fc","4750","Fc","5350","Fc","6050","Fc","6250","Fc","5937.5","Fc","5950","Fc","5962.5","Fc","5962.5","Fc","6000","Fc","6106.25","Fc","6125","Fc","6125","Fc","6475","Fc","6750","Fc","6821.25","Fc","6878.13","Fc","6937.5","Fc","7000","Fc","7062.5","Fc","7162.5","Fc","7198.75","Fc","7208.75","Fc","7312.5","Fc","7250","Fc","7250","Fc",
"Sénégal","Viande âne","Animaux Producteurs/Abbatus (Tête)","6500","F","8100","F","8400","F","14100","F","14700","F","16100","F","16600","F","17900","F","17800","F","18500","F","19000","F","18600","F","18600","F","19000","F","19600","F","20400","F","21000","F","23000","F","23600","F","23800","F","20300","F","20600","F","20800","F","20900","F","20600","F","20400","F","20000","F","28600","F","30000","F","31000","F","32800","F","36400","F","36600","F","36600","F","36600","F","36700","F","37500","F","37500","F","37700","F","39900","F","40700","F","40000","F","40000","F","41150","F","41600","F","41800","F","43800","F","44200","F","47800","F","50000","F","52000","F","52000","F",
"Sénégal","Viande âne","Rendement/Poids Carcasse (Hg/An)","600","Fc","600","Fc","600","Fc","600","Fc","600","Fc","600","Fc","600","Fc","600","Fc","600","Fc","600","Fc","600","Fc","600","Fc","600","Fc","600","Fc","600","Fc","600","Fc","600","Fc","600","Fc","600","Fc","600","Fc","600","Fc","600","Fc","600","Fc","600","Fc","600","Fc","600","Fc","600","Fc","600","Fc","600","Fc","600","Fc","600","Fc","600","Fc","600","Fc","600","Fc","600","Fc","600","Fc","600","Fc","600","Fc","600","Fc","600","Fc","600","Fc","600","Fc","600","Fc","600","Fc","600","Fc","600","Fc","600","Fc","600","Fc","600","Fc","600","Fc","600","Fc","600","Fc",
"Sénégal","Viande âne","Production (tonnes)","390","Fc","486","Fc","504","Fc","846","Fc","882","Fc","966","Fc","996","Fc","1074","Fc","1068","Fc","1110","Fc","1140","Fc","1116","Fc","1116","Fc","1140","Fc","1176","Fc","1224","Fc","1260","Fc","1380","Fc","1416","Fc","1428","Fc","1218","Fc","1236","Fc","1248","Fc","1254","Fc","1236","Fc","1224","Fc","1200","Fc","1716","Fc","1800","Fc","1860","Fc","1968","Fc","2184","Fc","2196","Fc","2196","Fc","2196","Fc","2202","Fc","2250","Fc","2250","Fc","2262","Fc","2394","Fc","2442","Fc","2400","Fc","2400","Fc","2469","Fc","2496","Fc","2508","Fc","2628","Fc","2652","Fc","2868","Fc","3000","Fc","3120","Fc","3120","Fc",
"Sénégal","Viande indigène cheval","Production (Tête)","9295","F","10006","F","11125","F","15700","F","16757","F","18532","F","18504","F","19136","F","19698","F","19861","F","20517","F","20694","F","19954","F","20544","F","21054","F","22698","F","22999","F","23992","F","22490","F","19994","F","20202","F","20421","F","20800","F","22001","F","32499","F","31398","F","33999","F","37982","F","42800","F","48400","F","50000","F","47500","F","47606","F","47700","F","47680","F","47990","F","48842","F","48953","F","48985","F","51794","F","53965","F","54560","F","55015","F","55473","F","55975","F","56457","F","57265","F","57544","F","57618","F","58530","F","58000","F","58000","F",
"Sénégal","Viande indigène cheval","Rendement/Poids Carcasse (Hg/An)","1250","Fc","1250","Fc","1250","Fc","1250","Fc","1250","Fc","1250","Fc","1250","Fc","1250","Fc","1250","Fc","1250","Fc","1250","Fc","1250","Fc","1250","Fc","1250","Fc","1250","Fc","1250","Fc","1250","Fc","1250","Fc","1250","Fc","1250","Fc","1250","Fc","1250","Fc","1250","Fc","1250","Fc","1250","Fc","1250","Fc","1250","Fc","1250","Fc","1250","Fc","1250","Fc","1250","Fc","1250","Fc","1250","Fc","1250","Fc","1250","Fc","1250","Fc","1250","Fc","1250","Fc","1250","Fc","1250","Fc","1250","Fc","1250","Fc","1250","Fc","1250","Fc","1250","Fc","1250","Fc","1250","Fc","1250","Fc","1250","Fc","1250","Fc","1250","Fc","1250","Fc",
"Sénégal","Viande indigène cheval","Production (tonnes)","1161.88","Fc","1250.75","Fc","1390.63","Fc","1962.5","Fc","2094.63","Fc","2316.5","Fc","2313","Fc","2392","Fc","2462.25","Fc","2482.63","Fc","2564.63","Fc","2586.75","Fc","2494.25","Fc","2568","Fc","2631.75","Fc","2837.25","Fc","2874.88","Fc","2999","Fc","2811.25","Fc","2499.25","Fc","2525.25","Fc","2552.63","Fc","2600","Fc","2750.13","Fc","4062.38","Fc","3924.75","Fc","4249.88","Fc","4747.75","Fc","5350","Fc","6050","Fc","6250","Fc","5937.5","Fc","5950.75","Fc","5962.5","Fc","5960","Fc","5998.75","Fc","6105.25","Fc","6119.13","Fc","6123.13","Fc","6474.25","Fc","6745.63","Fc","6820","Fc","6876.88","Fc","6934.13","Fc","6996.88","Fc","7057.13","Fc","7158.13","Fc","7193","Fc","7202.25","Fc","7316.25","Fc","7250","Fc","7250","Fc",
"Sénégal","Viande indigène âne","Production (Tête)","6500","F","8100","F","8400","F","14100","F","14700","F","16100","F","16600","F","17900","F","17800","F","18500","F","19000","F","18600","F","18644","F","18944","F","19600","F","20400","F","21002","F","23000","F","23600","F","23800","F","20300","F","20600","F","20800","F","20900","F","20600","F","20400","F","20000","F","28600","F","30000","F","31000","F","32800","F","36400","F","36600","F","36600","F","36600","F","36700","F","37500","F","37500","F","37700","F","39900","F","40700","F","40000","F","40000","F","41150","F","41600","F","41800","F","43800","F","44200","F","47800","F","50000","F","52000","F","52000","F",
"Sénégal","Viande indigène âne","Rendement/Poids Carcasse (Hg/An)","600","Fc","600","Fc","600","Fc","600","Fc","600","Fc","600","Fc","600","Fc","600","Fc","600","Fc","600","Fc","600","Fc","600","Fc","600","Fc","600","Fc","600","Fc","600","Fc","600","Fc","600","Fc","600","Fc","600","Fc","600","Fc","600","Fc","600","Fc","600","Fc","600","Fc","600","Fc","600","Fc","600","Fc","600","Fc","600","Fc","600","Fc","600","Fc","600","Fc","600","Fc","600","Fc","600","Fc","600","Fc","600","Fc","600","Fc","600","Fc","600","Fc","600","Fc","600","Fc","600","Fc","600","Fc","600","Fc","600","Fc","600","Fc","600","Fc","600","Fc","600","Fc","600","Fc",
"Sénégal","Viande indigène âne","Production (tonnes)","390","Fc","486","Fc","504","Fc","846","Fc","882","Fc","966","Fc","996","Fc","1074","Fc","1068","Fc","1110","Fc","1140","Fc","1116","Fc","1118.64","Fc","1136.64","Fc","1176","Fc","1224","Fc","1260.12","Fc","1380","Fc","1416","Fc","1428","Fc","1218","Fc","1236","Fc","1248","Fc","1254","Fc","1236","Fc","1224","Fc","1200","Fc","1716","Fc","1800","Fc","1860","Fc","1968","Fc","2184","Fc","2196","Fc","2196","Fc","2196","Fc","2202","Fc","2250","Fc","2250","Fc","2262","Fc","2394","Fc","2442","Fc","2400","Fc","2400","Fc","2469","Fc","2496","Fc","2508","Fc","2628","Fc","2652","Fc","2868","Fc","3000","Fc","3120","Fc","3120","Fc",
"Sénégal","Viande camélidé","Animaux Producteurs/Abbatus (Tête)","42","F","142","F","40","F","405","F","450","F","495","F","165","F","125","F","102","F","105","F","105","F","80","F","85","F","85","F","90","F","90","F","105","F","105","F","90","F","90","F","90","F","95","F","95","F","90","F","90","F","105","F","105","F","225","F","105","F","75","F","75","F","75","F","75","F","75","F","75","F","75","F","60","F","60","F","39"," ","48"," ","52"," ","60"," ","68"," ","69"," ","69"," ","62"," ","66"," ","69"," ","70"," ","71"," ","71"," ","92","F",
"Sénégal","Viande camélidé","Rendement/Poids Carcasse (Hg/An)","1500","Fc","1500","Fc","1500","Fc","1500","Fc","1500","Fc","1500","Fc","1500","Fc","1500","Fc","1500","Fc","1500","Fc","1500","Fc","1500","Fc","1500","Fc","1500","Fc","1500","Fc","1500","Fc","1500","Fc","1500","Fc","1500","Fc","1500","Fc","1500","Fc","1500","Fc","1500","Fc","1500","Fc","1500","Fc","1500","Fc","1500","Fc","1500","Fc","1500","Fc","1500","Fc","1500","Fc","1500","Fc","1500","Fc","1500","Fc","1500","Fc","1500","Fc","1500","Fc","1500","Fc","1538.46","Fc","1458.33","Fc","1346.15","Fc","1500","Fc","1470.59","Fc","1884.06","Fc","1449.28","Fc","1290.32","Fc","1818.18","Fc","2028.99","Fc","1857.14","Fc","1971.83","Fc","1971.83","Fc","1956.52","Fc",
"Sénégal","Viande camélidé","Production (tonnes)","6.3","Fc","21.3","Fc","6","Fc","60.75","Fc","67.5","Fc","74.25","Fc","24.75","Fc","18.75","Fc","15.3","Fc","15.75","Fc","15.75","Fc","12","Fc","12.75","Fc","12.75","Fc","13.5","Fc","13.5","Fc","15.75","Fc","15.75","Fc","13.5","Fc","13.5","Fc","13.5","Fc","14.25","Fc","14.25","Fc","13.5","Fc","13.5","Fc","15.75","Fc","15.75","Fc","33.75","Fc","15.75","Fc","11.25","Fc","11.25","Fc","11.25","Fc","11.25","Fc","11.25","Fc","11.25","Fc","11.25","Fc","9","Fc","9","Fc","6"," ","7"," ","7"," ","9"," ","10"," ","13"," ","10"," ","8"," ","12"," ","14"," ","13"," ","14"," ","14"," ","18"," ",
"Sénégal","Viande indigène camélidés","Production (Tête)","42","F","142","F","40","F","405","F","450","F","495","F","165","F","125","F","102","F","105","F","105","F","80","F","85","F","85","F","90","F","90","F","105","F","105","F","90","F","90","F","90","F","95","F","95","F","90","F","90","F","105","F","105","F","225","F","105","F","75","F","75","F","75","F","75","F","75","F","75","F","75","F","60","F","60","F","39"," ","48"," ","52"," ","60"," ","68"," ","69"," ","69"," ","62"," ","66"," ","69"," ","70"," ","71"," ","71"," ","92","F",
"Sénégal","Viande indigène camélidés","Rendement/Poids Carcasse (Hg/An)","1500","Fc","1500","Fc","1500","Fc","1500","Fc","1500","Fc","1500","Fc","1500","Fc","1500","Fc","1500","Fc","1500","Fc","1500","Fc","1500","Fc","1500","Fc","1500","Fc","1500","Fc","1500","Fc","1500","Fc","1500","Fc","1500","Fc","1500","Fc","1500","Fc","1500","Fc","1500","Fc","1500","Fc","1500","Fc","1500","Fc","1500","Fc","1500","Fc","1500","Fc","1500","Fc","1500","Fc","1500","Fc","1500","Fc","1500","Fc","1500","Fc","1500","Fc","1500","Fc","1500","Fc","1538","Fc","1458","Fc","1346","Fc","1500","Fc","1471","Fc","1884","Fc","1449","Fc","1290","Fc","1818","Fc","2029","Fc","1857","Fc","1972","Fc","1972","Fc","1957","Fc",
"Sénégal","Viande indigène camélidés","Production (tonnes)","6.3","Fc","21.3","Fc","6","Fc","60.75","Fc","67.5","Fc","74.25","Fc","24.75","Fc","18.75","Fc","15.3","Fc","15.75","Fc","15.75","Fc","12","Fc","12.75","Fc","12.75","Fc","13.5","Fc","13.5","Fc","15.75","Fc","15.75","Fc","13.5","Fc","13.5","Fc","13.5","Fc","14.25","Fc","14.25","Fc","13.5","Fc","13.5","Fc","15.75","Fc","15.75","Fc","33.75","Fc","15.75","Fc","11.25","Fc","11.25","Fc","11.25","Fc","11.25","Fc","11.25","Fc","11.25","Fc","11.25","Fc","9","Fc","9","Fc","5.9982","Fc","6.9984","Fc","6.9992","Fc","9","Fc","10.0028","Fc","12.9996","Fc","9.9981","Fc","7.998","Fc","11.9988","Fc","14.0001","Fc","12.999","Fc","14.0012","Fc","14.0012","Fc","18.0044","Fc",
"Sénégal","Viande gibier","Production (tonnes)","50","F","50","F","50","F","50","F","50","F","50","F","50","F","50","F","50","F","50","F","50","F","50","F","50","F","50","F","50","F","50","F","50","F","50","F","50","F","50","F","50","F","50","F","50","F","50","F","50","F","50","F","50","F","50","F","50","F","48","Im","49","Im","50","Im","56","Im","60","Im","61","Im","63","Im","66","Im","67","Im","68","Im","71","Im","66"," ","77"," ","88"," ","76"," ","84"," ","60"," ","50","F","58","Im","62","Im","70","Im","70","F","70","F",
"Sénégal","Viande nda","Production (tonnes)","2500","F","2550","F","2600","F","2650","F","2700","F","2800","F","2800","F","2900","F","2900","F","3000","F","3000","F","3100","F","3100","F","3200","F","3200","F","3300","F","3300","F","3400","F","3500","F","3000","*","4933","*","3500","F","3500","F","3500","F","3600","F","3700","F","3700","F","3700","F","3700","F","3535","Im","3592","Im","3701","Im","4113","Im","4438","Im","4541","Im","4676","Im","4910","Im","4960","Im","4995","Im","5256","Im","5415","Im","4000","F","3870","Im","3869","Im","4255","Im","5355","Im","4798","Im","5548","Im","5917","Im","6600","Im","6600","F","6600","F",
"Sénégal","Miel naturel","Production (tonnes)","90","F","90","F","90","F","90","F","90","F","90","F","90","F","90","F","90","F","90","F","100","F","100","F","100","F","75","F","96"," ","120","F","144"," ","152"," ","160","F","170","F","180","F","190","F","190","F","120","F","37"," ","92"," ","65"," ","85"," ","111"," ","106"," ","114"," ","121"," ","162"," ","180"," ","170"," ","165"," ","192"," ","300"," ","460"," ","500"," ","465","Im","466","Im","451","Im","800"," ","1246"," ","1900"," ","2500"," ","2800"," ","2900","F","3000","F","3100","F","3150","F",
"Sénégal","Cire d'abeille","Production (tonnes)","30","F","30","F","30","F","30","F","30","F","30","F","30","F","30","F","30","F","30","F","33","F","33","F","32","F","26","F","32","F","40","F","48"," ","51"," ","53","F","54","F","60","F","62","F","60","F","40","F","25"," ","35","F","25","F","34"," ","44"," ","40"," ","46"," ","48"," ","65"," ","29"," ","40","F","30","F","33"," ","60"," ","65"," ","71"," ","90","F","95","F","105","F","150","F","230","F","190","F","250","F","280","F","290","F","300","F","300","F","300","F",
"Sénégal","Viande indigène bovins et buffle","Production (Tête)","150000","A","160000","A","182000","A","191500","A","197000","A","202857","A","240000","A","241795","A","250000","A","245000","A","257300","A","262481","A","249727","A","213334","A","230440","A","237820","A","245020","A","258830","A","260017","A","241140","A","274080","A","280080","A","271000","A","267000","A","270500","A","300465","A","307170","A","309315","A","322238","A","332808","A","341309","A","332004","A","340000","A","340000","A","340000","A","340000","A","330000","A","325000","A","311976","A","318460","A","326710","A","246717","A","293991","A","286908","A","318000","A","315733","A","262297","A","232555","A","301321","A","307636","A","230702","A","309455","A",
"Sénégal","Viande indigène bovins et buffle","Rendement/Poids Carcasse (Hg/An)","1250","Fc","1250","Fc","1250","Fc","1250","Fc","1250","Fc","1250","Fc","1250","Fc","1250","Fc","1250","Fc","1250","Fc","1250","Fc","1250","Fc","1250","Fc","1250","Fc","1250","Fc","1250","Fc","1250","Fc","1250","Fc","1250","Fc","1250","Fc","1250","Fc","1250","Fc","1250","Fc","1250","Fc","1250","Fc","1250","Fc","1250","Fc","1250","Fc","1250","Fc","1250","Fc","1250","Fc","1250","Fc","1250","Fc","1250","Fc","1250","Fc","1250","Fc","1250","Fc","1250","Fc","1389","Fc","1405","Fc","1438","Fc","1503","Fc","1435","Fc","1419","Fc","1388","Fc","1449","Fc","1258","Fc","1439","Fc","1482","Fc","1498","Fc","1510","Fc","1510","Fc",
"Sénégal","Viande indigène bovins et buffle","Production (tonnes)","18750","A","20000","A","22750","A","23937.5","A","24625","A","25357.1","A","30000","A","30224.4","A","31250","A","30625","A","32162.5","A","32810.1","A","31215.9","A","26666.8","A","28805","A","29727.5","A","30627.5","A","32353.8","A","32502.1","A","30142.5","A","34260","A","35010","A","33875","A","33375","A","33812.5","A","37558.1","A","38396.3","A","38664.4","A","40279.8","A","41601","A","42663.6","A","41500.5","A","42500","A","42500","A","42500","A","42500","A","41250","A","40625","A","43333.5","A","44743.6","A","46980.9","A","37081.6","A","42187.7","A","40712.2","A","44138.4","A","45749.7","A","32997","A","33464.7","A","44655.8","A","46083.9","A","34836","A","46727.7","A",
"Sénégal","Viande indigène ovin et caprin","Production (Tête)","455000","A","473000","A","489000","A","505000","A","521000","A","538000","A","519960","A","553346","A","574000","A","604000","A","630500","A","666000","A","631200","A","570200","A","588800","A","607000","A","619000","A","655000","A","655000","A","678000","A","723000","A","774000","A","711400","A","700166","A","910000","A","1250000","A","1330000","A","1250000","A","1290000","A","1385000","A","1569000","A","1484500","A","1528500","A","1557500","A","1262250","A","1192000","A","1330000","A","1259000","A","1497760","A","1754460","A","1486980","A","1704490","A","1777380","A","1749860","A","1897470","A","1960170","A","1982770","A","2200880","A","2285810","A","2384430","A","2852750","A","3352020","A",
"Sénégal","Viande indigène ovin et caprin","Rendement/Poids Carcasse (Hg/An)","116.813","Fc","113.679","Fc","110.859","Fc","110.966","Fc","111.881","Fc","112.649","Fc","110.298","Fc","109.47","Fc","109.512","Fc","109.868","Fc","101.57","Fc","101.982","Fc","102.89","Fc","108.937","Fc","112.962","Fc","112.932","Fc","115.808","Fc","120.832","Fc","120.092","Fc","119.926","Fc","122.849","Fc","122.842","Fc","122.57","Fc","120.004","Fc","123.297","Fc","120.16","Fc","119.85","Fc","120.16","Fc","120","Fc","118.484","Fc","118.611","Fc","117.784","Fc","118.266","Fc","118.543","Fc","123.418","Fc","126.04","Fc","124.812","Fc","126.942","Fc","108.269","Fc","107.775","Fc","113.905","Fc","108.076","Fc","109.084","Fc","111.575","Fc","116.262","Fc","118.591","Fc","118.153","Fc","115.707","Fc","111.767","Fc","111.229","Fc","108.036","Fc","108.721","Fc",
"Sénégal","Viande indigène ovin et caprin","Production (tonnes)","5315","A","5377","A","5421","A","5603.8","A","5829","A","6060.52","A","5735.08","A","6057.5","A","6286","A","6636","A","6404","A","6792","A","6494.4","A","6211.6","A","6651.2","A","6855","A","7168.5","A","7914.5","A","7866","A","8131","A","8882","A","9508","A","8719.6","A","8402.24","A","11220","A","15020","A","15940","A","15020","A","15480.1","A","16410","A","18610","A","17485","A","18077","A","18463","A","15578.5","A","15024","A","16600","A","15982","A","16216.2","A","18908.8","A","16937.4","A","18421.4","A","19388.4","A","19524.2","A","22060.4","A","23245.8","A","23427.1","A","25465.7","A","25547.8","A","26521.7","A","30820","A","36443.4","A",
"Sénégal","Viande Total","Production (tonnes)","41805.8","A","44703.8","A","47413","A","51026.4","A","53193","A","56942.6","A","62572.2","A","63691.7","A","65360.8","A","62752.8","A","59278.6","A","60253.5","A","58764.3","A","52915.3","A","55305.2","A","57426","A","61554.8","A","64502","A","66424.5","A","60711.5","A","70449.5","A","71950.3","A","71732.3","A","70927.5","A","75622","A","84419.8","A","83645.8","A","83092.3","A","85535.8","A","89719.3","A","98839.8","A","95838.8","A","97078.3","A","98890.8","A","101055","A","100756","A","103791","A","105018","A","109449","A","116490","A","122020","A","117266","A","115821","A","116825","A","128096","A","136934","A","132285","A","149247","A","156791","A","167546","A","187236","A","206770","A",
"Sénégal","Viande indigènetotal","Production (tonnes)","30200.7","A","33321.6","A","36369.6","A","39045.6","A","40290.6","A","43331.9","A","47874.3","A","48921.6","A","52066.5","A","52299.2","A","54155.9","A","55781.4","A","54285.9","A","50146.8","A","52283.7","A","54198.1","A","57103.9","A","59137.2","A","59596.2","A","57319.7","A","64391.8","A","65198.7","A","62521.1","A","62529.9","A","66994.4","A","77260.6","A","78028.2","A","77535.1","A","81427.6","A","84489.7","A","90212.9","A","89329.3","A","91133","A","92481.8","A","91122.8","A","89673","A","93396.3","A","94510.1","A","100795","A","110116","A","112029","A","103738","A","109760","A","108637","A","118807","A","125840","A","117795","A","125023","A","135499","A","145661","A","149539","A","168977","A",
"Sénégal","Viande indigène volailles","Production (1000 têtes)","1330","A","2754","A","2658","A","2945","A","2850","A","3795","A","3997.89","A","4180","A","4465","A","4600","A","4890","A","5205","A","5540","A","5890","A","6150","A","6460","A","7990","A","7120","A","7504","A","8003","A","8368","A","9120","A","8250","A","8895","A","9310","A","11685","A","9975","A","11308","A","12157","A","12349","A","13910","A","14740","A","14539","A","14981","A","16360","A","15088","A","17616","A","19368","A","20435","A","22123","A","23106","A","22990","A","24295","A","24559","A","26754","A","28624","A","32071","A","34727","A","33940","A","38142","A","41664","A","42344","A",
"Sénégal","Viande indigène volailles","Production (tonnes)","1330","A","2754","A","2658","A","2945","A","2850","A","3795","A","3998","A","4180","A","4465","A","4600","A","4890","A","5205","A","5540","A","5890","A","6150","A","6460","A","7990","A","7120","A","7504","A","8003","A","8368","A","9120","A","8250","A","8895","A","9310","A","11685","A","9975","A","11308","A","12157","A","12349","A","13910","A","14740","A","14539","A","14981","A","16360","A","15088","A","17616","A","19368","A","21088.9","A","23001.3","A","24131.9","A","23737.2","A","25019","A","25750.1","A","28990.6","A","31532.2","A","36612.3","A","41009.1","A","39343.2","A","45419.5","A","55729.8","A","56635.1","A",
"Sénégal","Lait total","Animaux laitiers (Tête)","410700","A","433100","A","467550","A","487750","A","501363","A","627050","A","664120","A","682630","A","698000","A","718000","A","751000","A","687000","A","655000","A","667200","A","696395","A","716950","A","731450","A","766350","A","746500","A","761200","A","778600","A","814000","A","783000","A","770000","A","947700","A","1167970","A","1134770","A","1064220","A","1106220","A","1139700","A","1179290","A","1230040","A","1276200","A","1496530","A","1525060","A","1573110","A","1626360","A","1437200","A","1709590","A","1746090","A","1795730","A","1370760","A","1556650","A","1588000","A","1628930","A","1679570","A","1751030","A","1768950","A","2108550","A","2157150","A","2221760","A","2323690","A",
"Sénégal","Lait total","Rendement (Hg/An)","1797.88","Fc","1816.25","Fc","1899.28","Fc","1920.4","Fc","1916.71","Fc","1623.33","Fc","1464.83","Fc","1471.54","Fc","1468.62","Fc","1433.29","Fc","1416.38","Fc","1288.21","Fc","1268.7","Fc","1211.69","Fc","1299.38","Fc","1328.67","Fc","1300.83","Fc","1346.34","Fc","1352.31","Fc","1283.82","Fc","1182.53","Fc","1171.74","Fc","1211.75","Fc","1142.86","Fc","989.279","Fc","846.895","Fc","865.821","Fc","909.96","Fc","883.005","Fc","819.697","Fc","814.015","Fc","808.902","Fc","801.436","Fc","726.094","Fc","723.623","Fc","721.299","Fc","715.732","Fc","777.615","Fc","693.598","Fc","699.261","Fc","697.589","Fc","762.538","Fc","730.583","Fc","740.763","Fc","734.317","Fc","736.844","Fc","807.798","Fc","849.526","Fc","814.31","Fc","863.866","Fc","855.318","Fc","869.307","Fc",
"Sénégal","Lait total","Production (tonnes)","73839","A","78662","A","88801","A","93667.5","A","96096.8","A","101791","A","97282","A","100452","A","102510","A","102910","A","106370","A","88500","A","83100","A","80844","A","90488","A","95259","A","95149","A","103177","A","100950","A","97724","A","92072","A","95380","A","94880","A","88000","A","93754","A","98915","A","98251","A","96840","A","97680","A","93421","A","95996","A","99498","A","102279","A","108662","A","110357","A","113468","A","116404","A","111759","A","118577","A","122097","A","125268","A","104526","A","113726","A","117633","A","119615","A","123758","A","141448","A","150277","A","171701","A","186349","A","190031","A","202000","A",
"Sénégal","Oeufs Naturels","Pondeuses (1000 têtes)","1340","A","1752","A","1760","A","1732","A","1900","A","2292","A","2320","A","2280","A","2240","A","2200","A","2120","A","2240","A","2200","A","2320","A","2480","A","2628","A","2720","A","2860","A","3000","A","3160","A","3370","A","3520","A","3880","A","4000","A","4000","A","3500","A","3500","A","4000","A","4000","A","3600","A","3500","A","3200","A","3100","A","3100","A","3000","A","2800","A","2800","A","2700","A","2700","A","3500","A","4100","A","4200","A","4600","A","4860","A","5440","A","6130","A","5800","A","8500","A","7000","A","7500","A","7800","A","7200","A",
"Sénégal","Oeufs Naturels","Rendement (100Mg/An)","17500","Fc","17500","Fc","17500","Fc","18187.1","Fc","17500","Fc","17504.4","Fc","17000","Fc","18000","Fc","18000","Fc","18000","Fc","18000","Fc","18000","Fc","19000","Fc","19000","Fc","20000","Fc","20000","Fc","20000","Fc","20000","Fc","20000","Fc","20000","Fc","20000","Fc","20000","Fc","20000","Fc","20000","Fc","21000","Fc","24714.3","Fc","26571.4","Fc","26625","Fc","28250","Fc","30555.6","Fc","31571.4","Fc","32968.8","Fc","33871","Fc","36451.6","Fc","38333.3","Fc","39285.7","Fc","41221.4","Fc","41459.3","Fc","41029.6","Fc","29828.6","Fc","35931.7","Fc","40461.9","Fc","38582.6","Fc","40576.1","Fc","37209.6","Fc","35102.8","Fc","41800","Fc","43056.5","Fc","38031.4","Fc","36501.3","Fc","37105.1","Fc","38033.3","Fc",
"Sénégal","Oeufs Naturels","Production (tonnes)","2345","A","3066","A","3080","A","3150","A","3325","A","4012","A","3944","A","4104","A","4032","A","3960","A","3816","A","4032","A","4180","A","4408","A","4960","A","5256","A","5440","A","5720","A","6000","A","6320","A","6740","A","7040","A","7760","A","8000","A","8400","A","8650","A","9300","A","10650","A","11300","A","11000","A","11050","A","10550","A","10500","A","11300","A","11500","A","11000","A","11542","A","11194","A","11078","A","10440","A","14732","A","16994","A","17748","A","19720","A","20242","A","21518","A","24244","A","36598","A","26622","A","27376","A","28942","A","27384","A",
"Sénégal","Viande Bovins et Buffles","Animaux Producteurs/Abbatus (Tête)","207000","A","215000","A","234000","A","247000","A","256000","A","265000","A","310000","A","315000","A","320000","A","300000","A","280000","A","280000","A","270000","A","220000","A","238000","A","246000","A","260000","A","278630","A","290000","A","246000","A","294000","A","300000","A","310000","A","300000","A","300000","A","320000","A","315000","A","317300","A","330200","A","340800","A","349300","A","340000","A","350000","A","350000","A","350000","A","350000","A","340000","A","335000","A","321976","A","328460","A","336710","A","299694","A","301751","A","303947","A","339979","A","345065","A","313696","A","363800","A","401276","A","407610","A","430697","A","509450","A",
"Sénégal","Viande Bovins et Buffles","Rendement/Poids Carcasse (Hg/An)","1250","Fc","1250","Fc","1250","Fc","1250","Fc","1250","Fc","1250","Fc","1250","Fc","1250","Fc","1250","Fc","1250","Fc","1250","Fc","1250","Fc","1250","Fc","1250","Fc","1250","Fc","1250","Fc","1250","Fc","1250","Fc","1250","Fc","1250","Fc","1250","Fc","1250","Fc","1250","Fc","1250","Fc","1250","Fc","1250","Fc","1250","Fc","1250","Fc","1250","Fc","1250","Fc","1250","Fc","1250","Fc","1250","Fc","1250","Fc","1250","Fc","1250","Fc","1250","Fc","1250","Fc","1388.74","Fc","1405.25","Fc","1437.65","Fc","1503.37","Fc","1435.12","Fc","1419","Fc","1388.2","Fc","1449.12","Fc","1258.29","Fc","1439.42","Fc","1481.87","Fc","1498.47","Fc","1510.39","Fc","1510","Fc",
"Sénégal","Viande Bovins et Buffles","Production (tonnes)","25875","A","26875","A","29250","A","30875","A","32000","A","33125","A","38750","A","39375","A","40000","A","37500","A","35000","A","35000","A","33750","A","27500","A","29750","A","30750","A","32500","A","34828.8","A","36250","A","30750","A","36750","A","37500","A","38750","A","37500","A","37500","A","40000","A","39375","A","39662.5","A","41275","A","42600","A","43662.5","A","42500","A","43750","A","43750","A","43750","A","43750","A","42500","A","41875","A","44714","A","46157","A","48407","A","45055","A","43305","A","43130","A","47196","A","50004","A","39472","A","52366","A","59464","A","61079","A","65052","A","76927","A",
"Sénégal","Viande Ovins et Caprins","Animaux Producteurs/Abbatus (Tête)","857000","A","870000","A","881000","A","937300","A","1003000","A","1050370","A","1042100","A","1024350","A","965000","A","894000","A","827530","A","836000","A","771000","A","712200","A","734800","A","757000","A","779000","A","825000","A","835000","A","817000","A","917000","A","1030000","A","970000","A","950000","A","1190000","A","1490000","A","1520000","A","1460000","A","1540000","A","1705000","A","1919000","A","1834500","A","1878500","A","1937500","A","1942250","A","1981000","A","2028000","A","2043000","A","2165760","A","2189460","A","2254980","A","2194490","A","2231380","A","2234850","A","2431970","A","2500170","A","2592770","A","2649230","A","2869810","A","2994430","A","3502740","A","4002000","A",
"Sénégal","Viande Ovins et Caprins","Rendement/Poids Carcasse (Hg/An)","112.917","Fc","112.115","Fc","111.385","Fc","111.381","Fc","111.575","Fc","111.745","Fc","111.111","Fc","110.085","Fc","109.689","Fc","109.866","Fc","101.149","Fc","101.531","Fc","102.309","Fc","108.082","Fc","112.319","Fc","112.299","Fc","115.071","Fc","120.091","Fc","119.491","Fc","120.563","Fc","123.119","Fc","122.136","Fc","122.268","Fc","120.263","Fc","123.193","Fc","120.403","Fc","120.263","Fc","120.274","Fc","120.13","Fc","119.003","Fc","119.177","Fc","118.316","Fc","118.696","Fc","118.932","Fc","119.235","Fc","119.606","Fc","120.118","Fc","120.421","Fc","106.032","Fc","107.935","Fc","111.739","Fc","108.695","Fc","108.744","Fc","112.222","Fc","116.116","Fc","119.884","Fc","119.644","Fc","116.011","Fc","111.37","Fc","111.47","Fc","109.186","Fc","109.915","Fc",
"Sénégal","Viande Ovins et Caprins","Production (tonnes)","9677","A","9754","A","9813","A","10439.7","A","11191","A","11737.3","A","11578.9","A","11276.5","A","10585","A","9822","A","8370.36","A","8488","A","7888","A","7697.6","A","8253.2","A","8501","A","8964","A","9907.5","A","9977.5","A","9850","A","11290","A","12580","A","11860","A","11425","A","14660","A","17940","A","18280","A","17560","A","18500","A","20290","A","22870","A","21705","A","22297","A","23043","A","23158.5","A","23694","A","24360","A","24602","A","22964","A","23632","A","25197","A","23853","A","24265","A","25080","A","28239","A","29973","A","31021","A","30734","A","31961","A","33379","A","38245","A","43988","A",
"Sénégal","Viande de Volaille","Animaux Producteurs/Abbatus (1000 têtes)","1360","A","2785","A","2700","A","2990","A","2885","A","3840","A","4040","A","4260","A","4585","A","4750","A","5060","A","5465","A","5800","A","6155","A","6450","A","7030","A","8780","A","8020","A","8475","A","9070","A","9530","A","10320","A","9450","A","10145","A","10810","A","13485","A","12275","A","13325","A","12250","A","12700","A","17275","A","16030","A","15015","A","15560","A","17460","A","16250","A","19000","A","20000","A","20937","A","22352","A","23398","A","23102","A","24355","A","24778","A","26801","A","28728","A","32438","A","34776","A","33989","A","38169","A","41700","A","42380","A",
"Sénégal","Viande de Volaille","Rendement/Poids Carcasse (0.1Gr/An)","10000","Fc","10000","Fc","10000","Fc","10000","Fc","10000","Fc","10000","Fc","10000","Fc","10000","Fc","10000","Fc","10000","Fc","10000","Fc","10000","Fc","10000","Fc","10000","Fc","10000","Fc","10000","Fc","10000","Fc","10000","Fc","10000","Fc","10000","Fc","10000","Fc","10000","Fc","10000","Fc","10000","Fc","10000","Fc","10000","Fc","10000","Fc","10000","Fc","10000","Fc","10000","Fc","10000","Fc","10000","Fc","10000","Fc","10000","Fc","10000","Fc","10000","Fc","10000","Fc","10000","Fc","10320.5","Fc","10396.8","Fc","10444.1","Fc","10324.6","Fc","10297.7","Fc","10485.1","Fc","10836.2","Fc","11016.1","Fc","11416.2","Fc","11809.3","Fc","11591.7","Fc","11907.8","Fc","13376","Fc","13375.2","Fc",
"Sénégal","Viande de Volaille","Production (tonnes)","1360","A","2785","A","2700","A","2990","A","2885","A","3840","A","4040","A","4260","A","4585","A","4750","A","5060","A","5465","A","5800","A","6155","A","6450","A","7030","A","8780","A","8020","A","8475","A","9070","A","9530","A","10320","A","9450","A","10145","A","10810","A","13485","A","12275","A","13325","A","12250","A","12700","A","17275","A","16030","A","15015","A","15560","A","17460","A","16250","A","19000","A","20000","A","21608","A","23239","A","24437","A","23852","A","25080","A","25980","A","29042","A","31647","A","37032","A","41068","A","39399","A","45451","A","55778","A","56684","A",
"Sénégal","Viande bovine","Animaux Producteurs/Abbatus (Tête)","207000","F","215000","F","234000","F","247000","F","256000","F","265000","F","310000"," ","315000"," ","320000"," ","300000"," ","280000","F","280000","F","270000","F","220000","*","238000","*","246000"," ","260000","F","278630"," ","290000","F","246000"," ","294000"," ","300000","F","310000","F","300000","F","300000","F","320000","F","315000","F","317300"," ","330200"," ","340800"," ","349300"," ","340000","F","350000","F","350000","F","350000","F","350000","F","340000","F","335000","F","321976"," ","328460"," ","336710"," ","299694"," ","301751"," ","303947"," ","339979"," ","345065"," ","313696"," ","363800"," ","401276"," ","407610"," ","430697"," ","509450","F",
"Sénégal","Viande bovine","Rendement/Poids Carcasse (Hg/An)","1250","Fc","1250","Fc","1250","Fc","1250","Fc","1250","Fc","1250","Fc","1250","Fc","1250","Fc","1250","Fc","1250","Fc","1250","Fc","1250","Fc","1250","Fc","1250","Fc","1250","Fc","1250","Fc","1250","Fc","1250","Fc","1250","Fc","1250","Fc","1250","Fc","1250","Fc","1250","Fc","1250","Fc","1250","Fc","1250","Fc","1250","Fc","1250","Fc","1250","Fc","1250","Fc","1250","Fc","1250","Fc","1250","Fc","1250","Fc","1250","Fc","1250","Fc","1250","Fc","1250","Fc","1388.74","Fc","1405.25","Fc","1437.65","Fc","1503.37","Fc","1435.12","Fc","1419","Fc","1388.2","Fc","1449.12","Fc","1258.29","Fc","1439.42","Fc","1481.87","Fc","1498.47","Fc","1510.39","Fc","1510","Fc",
"Sénégal","Viande bovine","Production (tonnes)","25875","Fc","26875","Fc","29250","Fc","30875","Fc","32000","Fc","33125","Fc","38750","Fc","39375","Fc","40000","Fc","37500","Fc","35000","Fc","35000","Fc","33750","Fc","27500","Fc","29750","Fc","30750","Fc","32500","Fc","34828.8","Fc","36250","Fc","30750","Fc","36750","Fc","37500","Fc","38750","Fc","37500","Fc","37500","Fc","40000","Fc","39375","Fc","39662.5","Fc","41275","Fc","42600","Fc","43662.5","Fc","42500","Fc","43750","Fc","43750","Fc","43750","Fc","43750","Fc","42500","Fc","41875","Fc","44714"," ","46157"," ","48407"," ","45055"," ","43305"," ","43130"," ","47196"," ","50004"," ","39472"," ","52366"," ","59464"," ","61079"," ","65052"," ","76927"," ",
"Sénégal","Lait entier frais de vache","Animaux laitiers (Tête)","187500","F","200000","F","227000","F","239750","F","245913","F","255000","F","240000"," ","248000"," ","253000"," ","253000"," ","261000"," ","267000"," ","250000"," ","225000"," ","232000"," ","238000"," ","244000"," ","251000"," ","253000"," ","250000"," ","225000"," ","226000"," ","233000"," ","220000","F","220000","F","222222","Fc","222222","Fc","222222","Fc","222222","Fc","436288"," ","447400"," ","463000"," ","474666"," ","484345"," ","491365"," ","503420"," ","515250"," ","506824"," ","519340"," ","542617"," ","556246"," ","477752"," ","512843"," ","532823"," ","540289"," ","559617"," ","571904"," ","621436"," ","701541"," ","718590"," ","727623"," ","740000","F",
"Sénégal","Lait entier frais de vache","Rendement (Hg/An)","3700","Fc","3700","Fc","3700","Fc","3700","Fc","3700","Fc","3700","Fc","3700","Fc","3700","Fc","3700","Fc","3700","Fc","3700","Fc","3000","Fc","3000","Fc","3200","Fc","3500","Fc","3600","Fc","3500","Fc","3700","Fc","3600","Fc","3500","Fc","3600","Fc","3700","Fc","3600","Fc","3500","Fc","3600","Fc","3600","Fc","3600","Fc","3600","Fc","3600","Fc","1853.25","Fc","1853.26","Fc","1853.11","Fc","1853.13","Fc","1870.15","Fc","1869.93","Fc","1874.46","Fc","1873.98","Fc","1874.32","Fc","1873.84","Fc","1854","Fc","1854","Fc","1854","Fc","1854","Fc","1853.99","Fc","1854.01","Fc","1854","Fc","2113.34","Fc","2088.39","Fc","2089.24","Fc","2235.67","Fc","2244.87","Fc","2346.35","Fc",
"Sénégal","Lait entier frais de vache","Production (tonnes)","69375","Fc","74000","Fc","83990","Fc","88707.5","Fc","90987.8","Fc","94350","Fc","88800","Fc","91760","Fc","93610","Fc","93610","Fc","96570","Fc","80100","Fc","75000","Fc","72000","Fc","81200","Fc","85680","Fc","85400","Fc","92870","Fc","91080","Fc","87500","Fc","81000","Fc","83620","Fc","83880","Fc","77000","Fc","79200","Fc","80000","F","80000","F","80000","F","80000","F","80855"," ","82915"," ","85799"," ","87962"," ","90580"," ","91882"," ","94364"," ","96557"," ","94995"," ","97316"," ","100601"," ","103128"," ","88575"," ","95081"," ","98785"," ","100170"," ","103753"," ","120863"," ","129780"," ","146569"," ","160653"," ","163342"," ","173630","*",
"Sénégal","Peaux de bovins fraiches","Animaux Producteurs/Abbatus (Tête)","207000","F","215000","F","234000","F","247000","F","256000","F","265000","F","310000"," ","315000"," ","320000"," ","300000"," ","280000","F","280000","F","270000","F","220000","*","238000","*","246000"," ","260000","F","278630"," ","290000","F","246000"," ","294000"," ","300000","F","310000","F","300000","F","300000","F","320000","F","315000","F","317300"," ","330200"," ","340800"," ","349300"," ","340000","F","350000","F","350000","F","350000","F","350000","F","340000","F","335000","F","321976"," ","328460"," ","336710"," ","299694"," ","301751"," ","303947"," ","339979"," ","345065"," ","313696"," ","363800"," ","401276"," ","407610"," ","430697"," ","509450","F",
"Sénégal","Peaux de bovins fraiches","Rendement (Hg/An)","250","Fc","250","Fc","250","Fc","250","Fc","250","Fc","250","Fc","250","Fc","250","Fc","250","Fc","250","Fc","250","Fc","250","Fc","250","Fc","250","Fc","250","Fc","250","Fc","250","Fc","250","Fc","250","Fc","250","Fc","250","Fc","250","Fc","250","Fc","250","Fc","250","Fc","250","Fc","250","Fc","250","Fc","250","Fc","250","Fc","250","Fc","250","Fc","250","Fc","250","Fc","250","Fc","250","Fc","250","Fc","250","Fc","250","Fc","250","Fc","250","Fc","250","Fc","250","Fc","250","Fc","250","Fc","250","Fc","250","Fc","250","Fc","250","Fc","250","Fc","250","Fc","250","Fc",
"Sénégal","Peaux de bovins fraiches","Production (tonnes)","5175","Fc","5375","Fc","5850","Fc","6175","Fc","6400","Fc","6625","Fc","7750","Fc","7875","Fc","8000","Fc","7500","Fc","7000","Fc","7000","Fc","6750","Fc","5500","Fc","5950","Fc","6150","Fc","6500","Fc","6965.75","Fc","7250","Fc","6150","Fc","7350","Fc","7500","Fc","7750","Fc","7500","Fc","7500","Fc","8000","Fc","7875","Fc","7932.5","Fc","8255","Fc","8520","Fc","8732.5","Fc","8500","Fc","8750","Fc","8750","Fc","8750","Fc","8750","Fc","8500","Fc","8375","Fc","8049.4","Fc","8211.5","Fc","8417.75","Fc","7492.35","Fc","7543.78","Fc","7598.68","Fc","8499.48","Fc","8626.63","Fc","7842.4","Fc","9095","Fc","10031.9","Fc","10190.3","Fc","10767.4","Fc","12736.3","Fc",
"Sénégal","Viande indigène bovins","Production (Tête)","150000","F","160000","F","182000","F","191500","F","197000","F","202857","F","240000"," ","241795"," ","250000"," ","245000"," ","257300","F","262481","F","249727","F","213334","*","230440","*","237820"," ","245020","F","258830"," ","260017","F","241140"," ","274080"," ","280080","F","271000","F","267000","F","270500","F","300465","F","307170","F","309315"," ","322238"," ","332808"," ","341309"," ","332004","F","340000","F","340000","F","340000","F","340000","F","330000","F","325000","F","311976"," ","318460"," ","326710"," ","246717"," ","293991"," ","286908"," ","318000"," ","315733"," ","262297"," ","232555"," ","301321"," ","307636"," ","230702"," ","309455","F",
"Sénégal","Viande indigène bovins","Rendement/Poids Carcasse (Hg/An)","1250","Fc","1250","Fc","1250","Fc","1250","Fc","1250","Fc","1250","Fc","1250","Fc","1250","Fc","1250","Fc","1250","Fc","1250","Fc","1250","Fc","1250","Fc","1250","Fc","1250","Fc","1250","Fc","1250","Fc","1250","Fc","1250","Fc","1250","Fc","1250","Fc","1250","Fc","1250","Fc","1250","Fc","1250","Fc","1250","Fc","1250","Fc","1250","Fc","1250","Fc","1250","Fc","1250","Fc","1250","Fc","1250","Fc","1250","Fc","1250","Fc","1250","Fc","1250","Fc","1250","Fc","1389","Fc","1405","Fc","1438","Fc","1503","Fc","1435","Fc","1419","Fc","1388","Fc","1449","Fc","1258","Fc","1439","Fc","1482","Fc","1498","Fc","1510","Fc","1510","Fc",
"Sénégal","Viande indigène bovins","Production (tonnes)","18750","Fc","20000","Fc","22750","Fc","23937.5","Fc","24625","Fc","25357.1","Fc","30000","Fc","30224.4","Fc","31250","Fc","30625","Fc","32162.5","Fc","32810.1","Fc","31215.9","Fc","26666.8","Fc","28805","Fc","29727.5","Fc","30627.5","Fc","32353.8","Fc","32502.1","Fc","30142.5","Fc","34260","Fc","35010","Fc","33875","Fc","33375","Fc","33812.5","Fc","37558.1","Fc","38396.3","Fc","38664.4","Fc","40279.8","Fc","41601","Fc","42663.6","Fc","41500.5","Fc","42500","Fc","42500","Fc","42500","Fc","42500","Fc","41250","Fc","40625","Fc","43333.5","Fc","44743.6","Fc","46980.9","Fc","37081.6","Fc","42187.7","Fc","40712.2","Fc","44138.4","Fc","45749.7","Fc","32997","Fc","33464.7","Fc","44655.8","Fc","46083.9","Fc","34836","Fc","46727.7","Fc",
"Sénégal","Viande ovin","Animaux Producteurs/Abbatus (Tête)","491000","F","481000","F","471000","F","501000","F","541000","F","571000","F","550000","F","514346","F","475000","F","444000","F","437530","F","450000","F","430000","F","400000","F","410000","F","422000","F","434000","F","460000","F","465000","F","480000","*","530000","F","570000","F","540000","F","550000","F","690000","F","760000","F","770000","F","740000","F","775000","F","810000","F","920000","F","840000","F","878000","F","917000","F","934000","F","971000","F","1020000","F","1043000","F","1169220"," ","1180920"," ","1216280"," ","1180500"," ","1199510"," ","1208500"," ","1313060"," ","1349030"," ","1398990"," ","1430380"," ","1549110"," ","1614880"," ","1838540"," ","2100000","F",
"Sénégal","Viande ovin","Rendement/Poids Carcasse (Hg/An)","130","Fc","130","Fc","130","Fc","130","Fc","130","Fc","130","Fc","130","Fc","130","Fc","130","Fc","130","Fc","120","Fc","120","Fc","120","Fc","130","Fc","130","Fc","130","Fc","135","Fc","140","Fc","135","Fc","135","Fc","140","Fc","140","Fc","140","Fc","135","Fc","140","Fc","140","Fc","140","Fc","140","Fc","140","Fc","140","Fc","140","Fc","140","Fc","140","Fc","140","Fc","140","Fc","140","Fc","140","Fc","140","Fc","116.513","Fc","111.862","Fc","129.214","Fc","126.396","Fc","123.2","Fc","125.999","Fc","130.017","Fc","138.433","Fc","138.385","Fc","129.399","Fc","125.924","Fc","126.771","Fc","126.002","Fc","127.048","Fc",
"Sénégal","Viande ovin","Production (tonnes)","6383","Fc","6253","Fc","6123","Fc","6513","Fc","7033","Fc","7423","Fc","7150","Fc","6686.5","Fc","6175","Fc","5772","Fc","5250.36","Fc","5400","Fc","5160","Fc","5200","Fc","5330","Fc","5486","Fc","5859","Fc","6440","Fc","6277.5","Fc","6480","Fc","7420","Fc","7980","Fc","7560","Fc","7425","Fc","9660","Fc","10640","Fc","10780","Fc","10360","Fc","10850","Fc","11340","Fc","12880","Fc","11760","Fc","12292","Fc","12838","Fc","13076","Fc","13594","Fc","14280","Fc","14602","Fc","13623"," ","13210"," ","15716"," ","14921"," ","14778"," ","15227"," ","17072"," ","18675"," ","19360"," ","18509"," ","19507"," ","20472"," ","23166"," ","26680"," ",
"Sénégal","Lait entier frais de brebis","Animaux laitiers (Tête)","88200","F","92100","F","95050","F","98000","F","100950","F","212600","F","270450","F","269350","F","280000","F","300000","F","340000","F","270000","F","270000","F","321600","F","337750","F","348000","F","354400","F","374800","F","352500","F","365250","F","398500","F","420000","F","400000","F","400000","F","530000","F","630000","F","580000","F","530000","F","554000","F","373657"," ","387567"," ","408153"," ","426127"," ","537677"," ","547386"," ","569197"," ","590713"," ","466392"," ","632787"," ","639814"," ","658959"," ","474762"," ","554929"," ","560975"," ","578766"," ","595413"," ","719468"," ","610067"," ","748022"," ","764799"," ","794344"," ","840000","F",
"Sénégal","Lait entier frais de brebis","Rendement (Hg/An)","200","Fc","200","Fc","200","Fc","200","Fc","200","Fc","200","Fc","200","Fc","200","Fc","200","Fc","200","Fc","200","Fc","200","Fc","200","Fc","200","Fc","200","Fc","200","Fc","200","Fc","200","Fc","200","Fc","200","Fc","200","Fc","200","Fc","200","Fc","200","Fc","200","Fc","200","Fc","200","Fc","200","Fc","200","Fc","154.5","Fc","154.502","Fc","154.501","Fc","154.508","Fc","154.498","Fc","154.498","Fc","154.498","Fc","154.508","Fc","154.505","Fc","154.507","Fc","154.498","Fc","154.501","Fc","154.498","Fc","154.506","Fc","154.499","Fc","154.501","Fc","154.498","Fc","154.503","Fc","154.508","Fc","154.501","Fc","154.498","Fc","154.505","Fc","155.357","Fc",
"Sénégal","Lait entier frais de brebis","Production (tonnes)","1764","Fc","1842","Fc","1901","Fc","1960","Fc","2019","Fc","4252","Fc","5409","Fc","5387","Fc","5600","Fc","6000","Fc","6800","Fc","5400","Fc","5400","Fc","6432","Fc","6755","Fc","6960","Fc","7088","Fc","7496","Fc","7050","Fc","7305","Fc","7970","Fc","8400","Fc","8000","Fc","8000","Fc","10600","Fc","12600","Fc","11600","Fc","10600","Fc","11080","Fc","5773"," ","5988"," ","6306"," ","6584"," ","8307"," ","8457"," ","8794"," ","9127"," ","7206"," ","9777"," ","9885"," ","10181"," ","7335"," ","8574"," ","8667"," ","8942"," ","9199"," ","11116"," ","9426"," ","11557"," ","11816"," ","12273"," ","13050","*",
"Sénégal","Peaux d'ovins fraiches","Animaux Producteurs/Abbatus (Tête)","491000","F","481000","F","471000","F","501000","F","541000","F","571000","F","550000","F","514346","F","475000","F","444000","F","437530","F","450000","F","430000","F","400000","F","410000","F","422000","F","434000","F","460000","F","465000","F","480000","*","530000","F","570000","F","540000","F","550000","F","690000","F","760000","F","770000","F","740000","F","775000","F","810000","F","920000","F","840000","F","878000","F","917000","F","934000","F","971000","F","1020000","F","1043000","F","1169220"," ","1180920"," ","1216280"," ","1180500"," ","1199510"," ","1208500"," ","1313060"," ","1349030"," ","1398990"," ","1430380"," ","1549110"," ","1614880"," ","1838540"," ","2100000","F",
"Sénégal","Peaux d'ovins fraiches","Rendement (Hg/An)","29","Fc","29","Fc","29","Fc","29","Fc","29","Fc","29","Fc","29","Fc","29","Fc","29","Fc","29","Fc","29","Fc","29","Fc","29","Fc","29","Fc","29","Fc","29","Fc","29","Fc","29","Fc","29","Fc","29","Fc","29","Fc","29","Fc","29","Fc","29","Fc","29","Fc","29","Fc","29","Fc","29","Fc","29","Fc","29","Fc","29","Fc","29","Fc","29","Fc","29","Fc","29","Fc","29","Fc","29","Fc","29","Fc","29","Fc","29","Fc","29","Fc","29","Fc","29","Fc","29","Fc","29","Fc","29","Fc","29","Fc","29","Fc","29","Fc","29","Fc","29","Fc","29","Fc",
"Sénégal","Peaux d'ovins fraiches","Production (tonnes)","1423.9","Fc","1394.9","Fc","1365.9","Fc","1452.9","Fc","1568.9","Fc","1655.9","Fc","1595","Fc","1491.6","Fc","1377.5","Fc","1287.6","Fc","1268.84","Fc","1305","Fc","1247","Fc","1160","Fc","1189","Fc","1223.8","Fc","1258.6","Fc","1334","Fc","1348.5","Fc","1392","Fc","1537","Fc","1653","Fc","1566","Fc","1595","Fc","2001","Fc","2204","Fc","2233","Fc","2146","Fc","2247.5","Fc","2349","Fc","2668","Fc","2436","Fc","2546.2","Fc","2659.3","Fc","2708.6","Fc","2815.9","Fc","2958","Fc","3024.7","Fc","3390.74","Fc","3424.67","Fc","3527.21","Fc","3423.45","Fc","3478.58","Fc","3504.64","Fc","3807.88","Fc","3912.18","Fc","4057.08","Fc","4148.11","Fc","4492.42","Fc","4683.15","Fc","5331.77","Fc","6090","Fc",
"Sénégal","Peaux d'ovins non délainées","Animaux Producteurs/Abbatus (Tête)","640.755","Fc","627.705","Fc","614.655","Fc","653.805","Fc","706.005","Fc","745.155","Fc","717.75","Fc","671.222","Fc","619.875","Fc","579.42","Fc","570.977","Fc","587.25","Fc","561.15","Fc","522","Fc","535.05","Fc","550.71","Fc","566.37","Fc","600.3","Fc","606.825","Fc","626.4","Fc","691.65","Fc","743.85","Fc","704.7","Fc","717.75","Fc","900.45","Fc","991.8","Fc","1004.85","Fc","965.7","Fc","1011.37","Fc","1057.05","Fc","1200.6","Fc","1096.2","Fc","1145.79","Fc","1196.68","Fc","1218.87","Fc","1267.15","Fc","1331.1","Fc","1361.11","Fc","1525.83","Fc","1541.1","Fc","1587.25","Fc","1540.55","Fc","1565.36","Fc","1577.09","Fc","1713.54","Fc","1760.48","Fc","1825.69","Fc","1866.65","Fc","2021.59","Fc","2107.42","Fc","2399.3","Fc","2740.5","Fc",
"Sénégal","Peaux d'ovins non délainées","Rendement (Hg/An)","8000","Fc","8000","Fc","8000","Fc","8000","Fc","8000","Fc","8000","Fc","8000","Fc","8000","Fc","8000","Fc","8000","Fc","8000","Fc","8000","Fc","8000","Fc","8000","Fc","8000","Fc","8000","Fc","8000","Fc","8000","Fc","8000","Fc","8000","Fc","8000","Fc","8000","Fc","8000","Fc","8000","Fc","8000","Fc","8000","Fc","8000","Fc","8000","Fc","8000","Fc","8000","Fc","8000","Fc","8000","Fc","8000","Fc","8000","Fc","8000","Fc","8000","Fc","8000","Fc","8000","Fc","8000","Fc","8000","Fc","8000","Fc","8000","Fc","8000","Fc","8000","Fc","8000","Fc","8000","Fc","8000","Fc","8000","Fc","8000","Fc","8000","Fc","8000","Fc","8000","Fc",
"Sénégal","Peaux d'ovins non délainées","Production (tonnes)","512.604","Fc","502.164","Fc","491.724","Fc","523.044","Fc","564.804","Fc","596.124","Fc","574.2","Fc","536.977","Fc","495.9","Fc","463.536","Fc","456.781","Fc","469.8","Fc","448.92","Fc","417.6","Fc","428.04","Fc","440.568","Fc","453.096","Fc","480.24","Fc","485.46","Fc","501.12","Fc","553.32","Fc","595.08","Fc","563.76","Fc","574.2","Fc","720.36","Fc","793.44","Fc","803.88","Fc","772.56","Fc","809.1","Fc","845.64","Fc","960.48","Fc","876.96","Fc","916.632","Fc","957.348","Fc","975.096","Fc","1013.72","Fc","1064.88","Fc","1088.89","Fc","1220.67","Fc","1232.88","Fc","1269.8","Fc","1232.44","Fc","1252.29","Fc","1261.67","Fc","1370.84","Fc","1408.39","Fc","1460.55","Fc","1493.32","Fc","1617.27","Fc","1685.93","Fc","1919.44","Fc","2192.4","Fc",
